fullname,city,salary,departament,appointment,login,passhash
Ray Riggey,Banag,8084,Sales,Engineer,Ram 3500,0acc84d958e88dfc3b205fc26b67b623
Normie Lutas,Yongfeng,4622,Services,Accountant,Eldorado,87dc36d8239839ca2525d030afd284cd
Launce Rookeby,Xiacang,5233,Marketing,Engineer,300,8136f81e7fbb51082e4367be72cc0d1f
Leora Crotty,Tân Hiệp,9278,Services,Administrator,Dakota Club,8947e944fd93a5a17345417675da857e
Don Fryd,Kista,8740,Services,Engineer,Ranger,f68d3786f76369a2fd010425e67c770e
Tomasine Beevis,Firminópolis,9589,Sales,Professor,Quest,ea94886f8c4080fe2957c192ff09845f
Violette Gathercole,Šibenik,4416,Sales,Developer,Legend,e1172d7a844c89d2f477e4218b1143f4
Gisella Magee,Mendefera,8204,Training,Manager,Z4,4738d7ba03a3cb44327e23a0ad4e9503
Vina Titcombe,Sokol’niki,6568,Support,Accountant,Yukon XL 1500,9b15bba26f73f83889472ad2e4ceff62
Graeme Fishbourne,Ngamba,3337,Training,Engineer,Chariot,e51120e6b86abbc702fc66abc6dac399
